"","."
"1","REACTOME_ACTIVATION_OF_ATR_IN_RESPONSE_TO_REPLICATION_STRESS"
"2","REACTOME_ACTIVATION_OF_GENE_EXPRESSION_BY_SREBF_SREBP"
"3","REACTOME_ACTIVATION_OF_THE_MRNA_UPON_BINDING_OF_THE_CAP_BINDING_COMPLEX_AND_EIFS_AND_SUBSEQUENT_BINDING_TO_43S"
"4","REACTOME_ACTIVATION_OF_THE_PRE_REPLICATIVE_COMPLEX"
"5","REACTOME_APC_C_CDH1_MEDIATED_DEGRADATION_OF_CDC20_AND_OTHER_APC_C_CDH1_TARGETED_PROTEINS_IN_LATE_MITOSIS_EARLY_G1"
"6","REACTOME_APC_C_MEDIATED_DEGRADATION_OF_CELL_CYCLE_PROTEINS"
"7","REACTOME_ASSEMBLY_OF_COLLAGEN_FIBRILS_AND_OTHER_MULTIMERIC_STRUCTURES"
"8","REACTOME_AUF1_HNRNP_D0_BINDS_AND_DESTABILIZES_MRNA"
"9","REACTOME_AUTOPHAGY"
"10","REACTOME_CDT1_ASSOCIATION_WITH_THE_CDC6_ORC_ORIGIN_COMPLEX"
"11","REACTOME_CELL_CYCLE"
"12","REACTOME_CELL_CYCLE_CHECKPOINTS"
"13","REACTOME_CELL_CYCLE_MITOTIC"
"14","REACTOME_CELLULAR_RESPONSE_TO_HYPOXIA"
"15","REACTOME_CHOLESTEROL_BIOSYNTHESIS"
"16","REACTOME_CHROMATIN_MODIFYING_ENZYMES"
"17","REACTOME_CHROMOSOME_MAINTENANCE"
"18","REACTOME_COLLAGEN_BIOSYNTHESIS_AND_MODIFYING_ENZYMES"
"19","REACTOME_COLLAGEN_CHAIN_TRIMERIZATION"
"20","REACTOME_COLLAGEN_DEGRADATION"
"21","REACTOME_COLLAGEN_FORMATION"
"22","REACTOME_CONDENSATION_OF_PROMETAPHASE_CHROMOSOMES"
"23","REACTOME_CONDENSATION_OF_PROPHASE_CHROMOSOMES"
"24","REACTOME_CROSS_PRESENTATION_OF_SOLUBLE_EXOGENOUS_ANTIGENS_ENDOSOMES"
"25","REACTOME_CYCLIN_A_CDK2_ASSOCIATED_EVENTS_AT_S_PHASE_ENTRY"
"26","REACTOME_DECTIN_1_MEDIATED_NONCANONICAL_NF_KB_SIGNALING"
"27","REACTOME_DEFECTIVE_CFTR_CAUSES_CYSTIC_FIBROSIS"
"28","REACTOME_DEGRADATION_OF_AXIN"
"29","REACTOME_DEGRADATION_OF_GLI1_BY_THE_PROTEASOME"
"30","REACTOME_DEPOSITION_OF_NEW_CENPA_CONTAINING_NUCLEOSOMES_AT_THE_CENTROMERE"
"31","REACTOME_DEVELOPMENTAL_BIOLOGY"
"32","REACTOME_DNA_DOUBLE_STRAND_BREAK_REPAIR"
"33","REACTOME_DNA_REPAIR"
"34","REACTOME_DNA_REPLICATION"
"35","REACTOME_DNA_REPLICATION_PRE_INITIATION"
"36","REACTOME_DNA_STRAND_ELONGATION"
"37","REACTOME_ECM_PROTEOGLYCANS"
"38","REACTOME_EPIGENETIC_REGULATION_OF_GENE_EXPRESSION"
"39","REACTOME_EUKARYOTIC_TRANSLATION_ELONGATION"
"40","REACTOME_EUKARYOTIC_TRANSLATION_INITIATION"
"41","REACTOME_EXTRACELLULAR_MATRIX_ORGANIZATION"
"42","REACTOME_FCERI_MEDIATED_NF_KB_ACTIVATION"
"43","REACTOME_G2_M_CHECKPOINTS"
"44","REACTOME_G2_M_DNA_DAMAGE_CHECKPOINT"
"45","REACTOME_GENE_SILENCING_BY_RNA"
"46","REACTOME_HCMV_EARLY_EVENTS"
"47","REACTOME_HDR_THROUGH_SINGLE_STRAND_ANNEALING_SSA"
"48","REACTOME_HEDGEHOG_LIGAND_BIOGENESIS"
"49","REACTOME_HIV_INFECTION"
"50","REACTOME_HOMOLOGOUS_DNA_PAIRING_AND_STRAND_EXCHANGE"
"51","REACTOME_HOMOLOGY_DIRECTED_REPAIR"
"52","REACTOME_HOST_INTERACTIONS_OF_HIV_FACTORS"
"53","REACTOME_IMMUNOREGULATORY_INTERACTIONS_BETWEEN_A_LYMPHOID_AND_A_NON_LYMPHOID_CELL"
"54","REACTOME_INFECTIOUS_DISEASE"
"55","REACTOME_INFLUENZA_INFECTION"
"56","REACTOME_INNATE_IMMUNE_SYSTEM"
"57","REACTOME_INTEGRIN_CELL_SURFACE_INTERACTIONS"
"58","REACTOME_INTERACTIONS_OF_REV_WITH_HOST_CELLULAR_PROTEINS"
"59","REACTOME_INTERACTIONS_OF_VPR_WITH_HOST_CELLULAR_PROTEINS"
"60","REACTOME_INTERLEUKIN_1_SIGNALING"
"61","REACTOME_KERATAN_SULFATE_KERATIN_METABOLISM"
"62","REACTOME_M_PHASE"
"63","REACTOME_MAPK6_MAPK4_SIGNALING"
"64","REACTOME_MEIOSIS"
"65","REACTOME_MEIOTIC_RECOMBINATION"
"66","REACTOME_METABOLISM_OF_LIPIDS"
"67","REACTOME_METABOLISM_OF_POLYAMINES"
"68","REACTOME_METABOLISM_OF_RNA"
"69","REACTOME_MITOCHONDRIAL_TRANSLATION"
"70","REACTOME_MITOTIC_G1_PHASE_AND_G1_S_TRANSITION"
"71","REACTOME_MITOTIC_G2_G2_M_PHASES"
"72","REACTOME_MITOTIC_METAPHASE_AND_ANAPHASE"
"73","REACTOME_MITOTIC_PROMETAPHASE"
"74","REACTOME_MITOTIC_PROPHASE"
"75","REACTOME_MITOTIC_SPINDLE_CHECKPOINT"
"76","REACTOME_MRNA_SPLICING"
"77","REACTOME_NCAM1_INTERACTIONS"
"78","REACTOME_NEDDYLATION"
"79","REACTOME_NEGATIVE_REGULATION_OF_NOTCH4_SIGNALING"
"80","REACTOME_NERVOUS_SYSTEM_DEVELOPMENT"
"81","REACTOME_NEUTROPHIL_DEGRANULATION"
"82","REACTOME_NON_INTEGRIN_MEMBRANE_ECM_INTERACTIONS"
"83","REACTOME_NONSENSE_MEDIATED_DECAY_NMD"
"84","REACTOME_NS1_MEDIATED_EFFECTS_ON_HOST_PATHWAYS"
"85","REACTOME_NUCLEAR_ENVELOPE_BREAKDOWN"
"86","REACTOME_NUCLEAR_IMPORT_OF_REV_PROTEIN"
"87","REACTOME_ORC1_REMOVAL_FROM_CHROMATIN"
"88","REACTOME_PERK_REGULATES_GENE_EXPRESSION"
"89","REACTOME_POSTMITOTIC_NUCLEAR_PORE_COMPLEX_NPC_REFORMATION"
"90","REACTOME_PRC2_METHYLATES_HISTONES_AND_DNA"
"91","REACTOME_PROCESSING_OF_CAPPED_INTRON_CONTAINING_PRE_MRNA"
"92","REACTOME_PROCESSING_OF_DNA_DOUBLE_STRAND_BREAK_ENDS"
"93","REACTOME_REGULATION_OF_CHOLESTEROL_BIOSYNTHESIS_BY_SREBP_SREBF"
"94","REACTOME_REGULATION_OF_EXPRESSION_OF_SLITS_AND_ROBOS"
"95","REACTOME_REGULATION_OF_HMOX1_EXPRESSION_AND_ACTIVITY"
"96","REACTOME_REGULATION_OF_MRNA_STABILITY_BY_PROTEINS_THAT_BIND_AU_RICH_ELEMENTS"
"97","REACTOME_REGULATION_OF_PTEN_STABILITY_AND_ACTIVITY"
"98","REACTOME_RESOLUTION_OF_SISTER_CHROMATID_COHESION"
"99","REACTOME_RESPIRATORY_ELECTRON_TRANSPORT_ATP_SYNTHESIS_BY_CHEMIOSMOTIC_COUPLING_AND_HEAT_PRODUCTION_BY_UNCOUPLING_PROTEINS"
"100","REACTOME_RESPONSE_OF_EIF2AK1_HRI_TO_HEME_DEFICIENCY"
"101","REACTOME_RHO_GTPASES_ACTIVATE_FORMINS"
"102","REACTOME_RNA_POLYMERASE_II_TRANSCRIPTION"
"103","REACTOME_RNA_POLYMERASE_II_TRANSCRIPTION_TERMINATION"
"104","REACTOME_ROS_AND_RNS_PRODUCTION_IN_PHAGOCYTES"
"105","REACTOME_RRNA_MODIFICATION_IN_THE_NUCLEUS_AND_CYTOSOL"
"106","REACTOME_RRNA_PROCESSING"
"107","REACTOME_S_PHASE"
"108","REACTOME_SCF_SKP2_MEDIATED_DEGRADATION_OF_P27_P21"
"109","REACTOME_SELENOAMINO_ACID_METABOLISM"
"110","REACTOME_SEPARATION_OF_SISTER_CHROMATIDS"
"111","REACTOME_SIGNALING_BY_PDGF"
"112","REACTOME_SIGNALING_BY_ROBO_RECEPTORS"
"113","REACTOME_SNRNP_ASSEMBLY"
"114","REACTOME_SRP_DEPENDENT_COTRANSLATIONAL_PROTEIN_TARGETING_TO_MEMBRANE"
"115","REACTOME_STABILIZATION_OF_P53"
"116","REACTOME_SUMOYLATION"
"117","REACTOME_SUMOYLATION_OF_CHROMATIN_ORGANIZATION_PROTEINS"
"118","REACTOME_SUMOYLATION_OF_DNA_DAMAGE_RESPONSE_AND_REPAIR_PROTEINS"
"119","REACTOME_SUMOYLATION_OF_DNA_REPLICATION_PROTEINS"
"120","REACTOME_SUMOYLATION_OF_RNA_BINDING_PROTEINS"
"121","REACTOME_SWITCHING_OF_ORIGINS_TO_A_POST_REPLICATIVE_STATE"
"122","REACTOME_SYNDECAN_INTERACTIONS"
"123","REACTOME_SYNTHESIS_OF_DNA"
"124","REACTOME_TCR_SIGNALING"
"125","REACTOME_TELOMERE_MAINTENANCE"
"126","REACTOME_THE_CITRIC_ACID_TCA_CYCLE_AND_RESPIRATORY_ELECTRON_TRANSPORT"
"127","REACTOME_THE_ROLE_OF_GTSE1_IN_G2_M_PROGRESSION_AFTER_G2_CHECKPOINT"
"128","REACTOME_TNFR2_NON_CANONICAL_NF_KB_PATHWAY"
"129","REACTOME_TRANSCRIPTIONAL_REGULATION_BY_SMALL_RNAS"
"130","REACTOME_TRANSLATION"
"131","REACTOME_TRANSPORT_OF_MATURE_MRNAS_DERIVED_FROM_INTRONLESS_TRANSCRIPTS"
"132","REACTOME_TRANSPORT_OF_MATURE_TRANSCRIPT_TO_CYTOPLASM"
"133","REACTOME_TRANSPORT_OF_THE_SLBP_DEPENDANT_MATURE_MRNA"
"134","REACTOME_TRNA_PROCESSING"
"135","REACTOME_TRNA_PROCESSING_IN_THE_NUCLEUS"
"136","REACTOME_UCH_PROTEINASES"
