"","fgsea.Geneset"
"1","HALLMARK_ADIPOGENESIS"
"2","HALLMARK_ALLOGRAFT_REJECTION"
"3","HALLMARK_ANDROGEN_RESPONSE"
"4","HALLMARK_ANGIOGENESIS"
"5","HALLMARK_APICAL_JUNCTION"
"6","HALLMARK_APICAL_SURFACE"
"7","HALLMARK_APOPTOSIS"
"8","HALLMARK_BILE_ACID_METABOLISM"
"9","HALLMARK_CHOLESTEROL_HOMEOSTASIS"
"10","HALLMARK_COAGULATION"
"11","HALLMARK_COMPLEMENT"
"12","HALLMARK_DNA_REPAIR"
"13","HALLMARK_E2F_TARGETS"
"14","HALLMARK_EPITHELIAL_MESENCHYMAL_TRANSITION"
"15","HALLMARK_ESTROGEN_RESPONSE_EARLY"
"16","HALLMARK_ESTROGEN_RESPONSE_LATE"
"17","HALLMARK_FATTY_ACID_METABOLISM"
"18","HALLMARK_G2M_CHECKPOINT"
"19","HALLMARK_GLYCOLYSIS"
"20","HALLMARK_HEDGEHOG_SIGNALING"
"21","HALLMARK_HEME_METABOLISM"
"22","HALLMARK_HYPOXIA"
"23","HALLMARK_IL2_STAT5_SIGNALING"
"24","HALLMARK_IL6_JAK_STAT3_SIGNALING"
"25","HALLMARK_INFLAMMATORY_RESPONSE"
"26","HALLMARK_INTERFERON_ALPHA_RESPONSE"
"27","HALLMARK_INTERFERON_GAMMA_RESPONSE"
"28","HALLMARK_KRAS_SIGNALING_DN"
"29","HALLMARK_KRAS_SIGNALING_UP"
"30","HALLMARK_MITOTIC_SPINDLE"
"31","HALLMARK_MTORC1_SIGNALING"
"32","HALLMARK_MYC_TARGETS_V1"
"33","HALLMARK_MYC_TARGETS_V2"
"34","HALLMARK_MYOGENESIS"
"35","HALLMARK_NOTCH_SIGNALING"
"36","HALLMARK_OXIDATIVE_PHOSPHORYLATION"
"37","HALLMARK_P53_PATHWAY"
"38","HALLMARK_PANCREAS_BETA_CELLS"
"39","HALLMARK_PEROXISOME"
"40","HALLMARK_PI3K_AKT_MTOR_SIGNALING"
"41","HALLMARK_PROTEIN_SECRETION"
"42","HALLMARK_REACTIVE_OXYGEN_SPECIES_PATHWAY"
"43","HALLMARK_SPERMATOGENESIS"
"44","HALLMARK_TGF_BETA_SIGNALING"
"45","HALLMARK_TNFA_SIGNALING_VIA_NFKB"
"46","HALLMARK_UNFOLDED_PROTEIN_RESPONSE"
"47","HALLMARK_UV_RESPONSE_DN"
"48","HALLMARK_UV_RESPONSE_UP"
"49","HALLMARK_WNT_BETA_CATENIN_SIGNALING"
"50","HALLMARK_XENOBIOTIC_METABOLISM"
"51","KEGG_ABC_TRANSPORTERS"
"52","KEGG_ACUTE_MYELOID_LEUKEMIA"
"53","KEGG_ADHERENS_JUNCTION"
"54","KEGG_ADIPOCYTOKINE_SIGNALING_PATHWAY"
"55","KEGG_ALANINE_ASPARTATE_AND_GLUTAMATE_METABOLISM"
"56","KEGG_ALDOSTERONE_REGULATED_SODIUM_REABSORPTION"
"57","KEGG_ALLOGRAFT_REJECTION"
"58","KEGG_ALPHA_LINOLENIC_ACID_METABOLISM"
"59","KEGG_ALZHEIMERS_DISEASE"
"60","KEGG_AMINO_SUGAR_AND_NUCLEOTIDE_SUGAR_METABOLISM"
"61","KEGG_AMINOACYL_TRNA_BIOSYNTHESIS"
"62","KEGG_AMYOTROPHIC_LATERAL_SCLEROSIS_ALS"
"63","KEGG_ANTIGEN_PROCESSING_AND_PRESENTATION"
"64","KEGG_APOPTOSIS"
"65","KEGG_ARACHIDONIC_ACID_METABOLISM"
"66","KEGG_ARGININE_AND_PROLINE_METABOLISM"
"67","KEGG_ARRHYTHMOGENIC_RIGHT_VENTRICULAR_CARDIOMYOPATHY_ARVC"
"68","KEGG_ASCORBATE_AND_ALDARATE_METABOLISM"
"69","KEGG_ASTHMA"
"70","KEGG_AUTOIMMUNE_THYROID_DISEASE"
"71","KEGG_AXON_GUIDANCE"
"72","KEGG_B_CELL_RECEPTOR_SIGNALING_PATHWAY"
"73","KEGG_BASAL_CELL_CARCINOMA"
"74","KEGG_BASAL_TRANSCRIPTION_FACTORS"
"75","KEGG_BASE_EXCISION_REPAIR"
"76","KEGG_BETA_ALANINE_METABOLISM"
"77","KEGG_BIOSYNTHESIS_OF_UNSATURATED_FATTY_ACIDS"
"78","KEGG_BLADDER_CANCER"
"79","KEGG_BUTANOATE_METABOLISM"
"80","KEGG_CALCIUM_SIGNALING_PATHWAY"
"81","KEGG_CARDIAC_MUSCLE_CONTRACTION"
"82","KEGG_CELL_ADHESION_MOLECULES_CAMS"
"83","KEGG_CELL_CYCLE"
"84","KEGG_CHEMOKINE_SIGNALING_PATHWAY"
"85","KEGG_CHRONIC_MYELOID_LEUKEMIA"
"86","KEGG_CIRCADIAN_RHYTHM_MAMMAL"
"87","KEGG_CITRATE_CYCLE_TCA_CYCLE"
"88","KEGG_COLORECTAL_CANCER"
"89","KEGG_COMPLEMENT_AND_COAGULATION_CASCADES"
"90","KEGG_CYSTEINE_AND_METHIONINE_METABOLISM"
"91","KEGG_CYTOKINE_CYTOKINE_RECEPTOR_INTERACTION"
"92","KEGG_CYTOSOLIC_DNA_SENSING_PATHWAY"
"93","KEGG_DILATED_CARDIOMYOPATHY"
"94","KEGG_DNA_REPLICATION"
"95","KEGG_DORSO_VENTRAL_AXIS_FORMATION"
"96","KEGG_DRUG_METABOLISM_CYTOCHROME_P450"
"97","KEGG_DRUG_METABOLISM_OTHER_ENZYMES"
"98","KEGG_ECM_RECEPTOR_INTERACTION"
"99","KEGG_ENDOCYTOSIS"
"100","KEGG_ENDOMETRIAL_CANCER"
"101","KEGG_EPITHELIAL_CELL_SIGNALING_IN_HELICOBACTER_PYLORI_INFECTION"
"102","KEGG_ERBB_SIGNALING_PATHWAY"
"103","KEGG_ETHER_LIPID_METABOLISM"
"104","KEGG_FATTY_ACID_METABOLISM"
"105","KEGG_FC_EPSILON_RI_SIGNALING_PATHWAY"
"106","KEGG_FC_GAMMA_R_MEDIATED_PHAGOCYTOSIS"
"107","KEGG_FOCAL_ADHESION"
"108","KEGG_FOLATE_BIOSYNTHESIS"
"109","KEGG_FRUCTOSE_AND_MANNOSE_METABOLISM"
"110","KEGG_GALACTOSE_METABOLISM"
"111","KEGG_GAP_JUNCTION"
"112","KEGG_GLIOMA"
"113","KEGG_GLUTATHIONE_METABOLISM"
"114","KEGG_GLYCEROLIPID_METABOLISM"
"115","KEGG_GLYCEROPHOSPHOLIPID_METABOLISM"
"116","KEGG_GLYCINE_SERINE_AND_THREONINE_METABOLISM"
"117","KEGG_GLYCOLYSIS_GLUCONEOGENESIS"
"118","KEGG_GLYCOSAMINOGLYCAN_BIOSYNTHESIS_CHONDROITIN_SULFATE"
"119","KEGG_GLYCOSAMINOGLYCAN_BIOSYNTHESIS_HEPARAN_SULFATE"
"120","KEGG_GLYCOSAMINOGLYCAN_BIOSYNTHESIS_KERATAN_SULFATE"
"121","KEGG_GLYCOSAMINOGLYCAN_DEGRADATION"
"122","KEGG_GLYCOSPHINGOLIPID_BIOSYNTHESIS_GANGLIO_SERIES"
"123","KEGG_GLYCOSPHINGOLIPID_BIOSYNTHESIS_GLOBO_SERIES"
"124","KEGG_GLYCOSPHINGOLIPID_BIOSYNTHESIS_LACTO_AND_NEOLACTO_SERIES"
"125","KEGG_GLYCOSYLPHOSPHATIDYLINOSITOL_GPI_ANCHOR_BIOSYNTHESIS"
"126","KEGG_GLYOXYLATE_AND_DICARBOXYLATE_METABOLISM"
"127","KEGG_GNRH_SIGNALING_PATHWAY"
"128","KEGG_GRAFT_VERSUS_HOST_DISEASE"
"129","KEGG_HEDGEHOG_SIGNALING_PATHWAY"
"130","KEGG_HEMATOPOIETIC_CELL_LINEAGE"
"131","KEGG_HISTIDINE_METABOLISM"
"132","KEGG_HOMOLOGOUS_RECOMBINATION"
"133","KEGG_HUNTINGTONS_DISEASE"
"134","KEGG_HYPERTROPHIC_CARDIOMYOPATHY_HCM"
"135","KEGG_INOSITOL_PHOSPHATE_METABOLISM"
"136","KEGG_INSULIN_SIGNALING_PATHWAY"
"137","KEGG_INTESTINAL_IMMUNE_NETWORK_FOR_IGA_PRODUCTION"
"138","KEGG_JAK_STAT_SIGNALING_PATHWAY"
"139","KEGG_LEISHMANIA_INFECTION"
"140","KEGG_LEUKOCYTE_TRANSENDOTHELIAL_MIGRATION"
"141","KEGG_LIMONENE_AND_PINENE_DEGRADATION"
"142","KEGG_LINOLEIC_ACID_METABOLISM"
"143","KEGG_LONG_TERM_DEPRESSION"
"144","KEGG_LONG_TERM_POTENTIATION"
"145","KEGG_LYSINE_DEGRADATION"
"146","KEGG_LYSOSOME"
"147","KEGG_MAPK_SIGNALING_PATHWAY"
"148","KEGG_MATURITY_ONSET_DIABETES_OF_THE_YOUNG"
"149","KEGG_MELANOGENESIS"
"150","KEGG_MELANOMA"
"151","KEGG_METABOLISM_OF_XENOBIOTICS_BY_CYTOCHROME_P450"
"152","KEGG_MISMATCH_REPAIR"
"153","KEGG_MTOR_SIGNALING_PATHWAY"
"154","KEGG_N_GLYCAN_BIOSYNTHESIS"
"155","KEGG_NATURAL_KILLER_CELL_MEDIATED_CYTOTOXICITY"
"156","KEGG_NEUROACTIVE_LIGAND_RECEPTOR_INTERACTION"
"157","KEGG_NEUROTROPHIN_SIGNALING_PATHWAY"
"158","KEGG_NICOTINATE_AND_NICOTINAMIDE_METABOLISM"
"159","KEGG_NITROGEN_METABOLISM"
"160","KEGG_NOD_LIKE_RECEPTOR_SIGNALING_PATHWAY"
"161","KEGG_NON_HOMOLOGOUS_END_JOINING"
"162","KEGG_NON_SMALL_CELL_LUNG_CANCER"
"163","KEGG_NOTCH_SIGNALING_PATHWAY"
"164","KEGG_NUCLEOTIDE_EXCISION_REPAIR"
"165","KEGG_O_GLYCAN_BIOSYNTHESIS"
"166","KEGG_OLFACTORY_TRANSDUCTION"
"167","KEGG_ONE_CARBON_POOL_BY_FOLATE"
"168","KEGG_OOCYTE_MEIOSIS"
"169","KEGG_OTHER_GLYCAN_DEGRADATION"
"170","KEGG_OXIDATIVE_PHOSPHORYLATION"
"171","KEGG_P53_SIGNALING_PATHWAY"
"172","KEGG_PANCREATIC_CANCER"
"173","KEGG_PANTOTHENATE_AND_COA_BIOSYNTHESIS"
"174","KEGG_PARKINSONS_DISEASE"
"175","KEGG_PATHOGENIC_ESCHERICHIA_COLI_INFECTION"
"176","KEGG_PATHWAYS_IN_CANCER"
"177","KEGG_PENTOSE_AND_GLUCURONATE_INTERCONVERSIONS"
"178","KEGG_PENTOSE_PHOSPHATE_PATHWAY"
"179","KEGG_PEROXISOME"
"180","KEGG_PHENYLALANINE_METABOLISM"
"181","KEGG_PHOSPHATIDYLINOSITOL_SIGNALING_SYSTEM"
"182","KEGG_PORPHYRIN_AND_CHLOROPHYLL_METABOLISM"
"183","KEGG_PPAR_SIGNALING_PATHWAY"
"184","KEGG_PRIMARY_BILE_ACID_BIOSYNTHESIS"
"185","KEGG_PRIMARY_IMMUNODEFICIENCY"
"186","KEGG_PRION_DISEASES"
"187","KEGG_PROGESTERONE_MEDIATED_OOCYTE_MATURATION"
"188","KEGG_PROPANOATE_METABOLISM"
"189","KEGG_PROSTATE_CANCER"
"190","KEGG_PROTEASOME"
"191","KEGG_PROTEIN_EXPORT"
"192","KEGG_PROXIMAL_TUBULE_BICARBONATE_RECLAMATION"
"193","KEGG_PURINE_METABOLISM"
"194","KEGG_PYRIMIDINE_METABOLISM"
"195","KEGG_PYRUVATE_METABOLISM"
"196","KEGG_REGULATION_OF_ACTIN_CYTOSKELETON"
"197","KEGG_REGULATION_OF_AUTOPHAGY"
"198","KEGG_RENAL_CELL_CARCINOMA"
"199","KEGG_RENIN_ANGIOTENSIN_SYSTEM"
"200","KEGG_RETINOL_METABOLISM"
"201","KEGG_RIBOFLAVIN_METABOLISM"
"202","KEGG_RIBOSOME"
"203","KEGG_RIG_I_LIKE_RECEPTOR_SIGNALING_PATHWAY"
"204","KEGG_RNA_DEGRADATION"
"205","KEGG_RNA_POLYMERASE"
"206","KEGG_SELENOAMINO_ACID_METABOLISM"
"207","KEGG_SMALL_CELL_LUNG_CANCER"
"208","KEGG_SNARE_INTERACTIONS_IN_VESICULAR_TRANSPORT"
"209","KEGG_SPHINGOLIPID_METABOLISM"
"210","KEGG_SPLICEOSOME"
"211","KEGG_STARCH_AND_SUCROSE_METABOLISM"
"212","KEGG_STEROID_BIOSYNTHESIS"
"213","KEGG_STEROID_HORMONE_BIOSYNTHESIS"
"214","KEGG_SULFUR_METABOLISM"
"215","KEGG_SYSTEMIC_LUPUS_ERYTHEMATOSUS"
"216","KEGG_T_CELL_RECEPTOR_SIGNALING_PATHWAY"
"217","KEGG_TASTE_TRANSDUCTION"
"218","KEGG_TAURINE_AND_HYPOTAURINE_METABOLISM"
"219","KEGG_TERPENOID_BACKBONE_BIOSYNTHESIS"
"220","KEGG_TGF_BETA_SIGNALING_PATHWAY"
"221","KEGG_THYROID_CANCER"
"222","KEGG_TIGHT_JUNCTION"
"223","KEGG_TOLL_LIKE_RECEPTOR_SIGNALING_PATHWAY"
"224","KEGG_TRYPTOPHAN_METABOLISM"
"225","KEGG_TYPE_I_DIABETES_MELLITUS"
"226","KEGG_TYPE_II_DIABETES_MELLITUS"
"227","KEGG_TYROSINE_METABOLISM"
"228","KEGG_UBIQUITIN_MEDIATED_PROTEOLYSIS"
"229","KEGG_VALINE_LEUCINE_AND_ISOLEUCINE_BIOSYNTHESIS"
"230","KEGG_VALINE_LEUCINE_AND_ISOLEUCINE_DEGRADATION"
"231","KEGG_VASCULAR_SMOOTH_MUSCLE_CONTRACTION"
"232","KEGG_VASOPRESSIN_REGULATED_WATER_REABSORPTION"
"233","KEGG_VEGF_SIGNALING_PATHWAY"
"234","KEGG_VIBRIO_CHOLERAE_INFECTION"
"235","KEGG_VIRAL_MYOCARDITIS"
"236","KEGG_WNT_SIGNALING_PATHWAY"
